panel_id,time_h,group,label,display_slot,source_mouse_position,original_filename,image,roi_x0,roi_y0,roi_x1,roi_y1,scale_min,scale_max,image_derived_integrated_signal_au,accepted_pixels
2H_mRNA,2,mRNA,mRNA,1,1,005-merger[20260910-204423-20250235].tif,images/2H/01_mRNA__005-merger[20260910-204423-20250235].tif,146,100,418,780,1009,1494,0.0,0
2H_mRNA,2,mRNA,mRNA,2,2,005-merger[20260910-204423-20250235].tif,images/2H/01_mRNA__005-merger[20260910-204423-20250235].tif,418,100,646,780,1009,1494,0.0,0
2H_mRNA,2,mRNA,mRNA,3,3,005-merger[20260910-204423-20250235].tif,images/2H/01_mRNA__005-merger[20260910-204423-20250235].tif,646,100,859,780,1009,1494,0.0,0
2H_DOPC_mRNA,2,DOPC_mRNA,DOPC-mRNA,1,1,007-merger[20260910-210644-20250235].tif,images/2H/02_DOPC_mRNA__007-merger[20260910-210644-20250235].tif,356,100,622,780,720.9,3835,0.0,0
2H_DOPC_mRNA,2,DOPC_mRNA,DOPC-mRNA,2,2,007-merger[20260910-210644-20250235].tif,images/2H/02_DOPC_mRNA__007-merger[20260910-210644-20250235].tif,622,100,854,780,720.9,3835,0.0,0
2H_DOPC_mRNA,2,DOPC_mRNA,DOPC-mRNA,3,3,007-merger[20260910-210644-20250235].tif,images/2H/02_DOPC_mRNA__007-merger[20260910-210644-20250235].tif,854,100,1076,780,720.9,3835,0.0,0
2H_DOPC_Chole_mRNA,2,DOPC_Chole_mRNA,DOPC-Chole-mRNA,1,1,014-merger[20260910-224429-20250235].tif,images/2H/03_DOPC_Chole_mRNA__014-merger[20260910-224429-20250235].tif,338,100,615,780,630.8,1180,446453.2565656566,569
2H_DOPC_Chole_mRNA,2,DOPC_Chole_mRNA,DOPC-Chole-mRNA,2,2,014-merger[20260910-224429-20250235].tif,images/2H/03_DOPC_Chole_mRNA__014-merger[20260910-224429-20250235].tif,615,100,852,780,630.8,1180,192121.63393939394,284
2H_DOPC_Chole_mRNA,2,DOPC_Chole_mRNA,DOPC-Chole-mRNA,3,3,014-merger[20260910-224429-20250235].tif,images/2H/03_DOPC_Chole_mRNA__014-merger[20260910-224429-20250235].tif,852,100,1121,780,630.8,1180,559915.8092929292,719
2H_DOPG_mRNA,2,DOPG_mRNA,66%DOPC33%DOPG-mRNA,1,1,010-merger[20260910-214644-20250235].tif,images/2H/04_66DOPC33DOPG_mRNA__010-merger[20260910-214644-20250235].tif,343,100,622,780,720.9,1413,212207.52181818182,269
2H_DOPG_mRNA,2,DOPG_mRNA,66%DOPC33%DOPG-mRNA,2,2,010-merger[20260910-214644-20250235].tif,images/2H/04_66DOPC33DOPG_mRNA__010-merger[20260910-214644-20250235].tif,622,100,859,780,720.9,1413,209347.84363636363,205
2H_DOPG_mRNA,2,DOPG_mRNA,66%DOPC33%DOPG-mRNA,3,3,010-merger[20260910-214644-20250235].tif,images/2H/04_66DOPC33DOPG_mRNA__010-merger[20260910-214644-20250235].tif,859,100,1084,780,720.9,1413,0.0,0
2H_DOPG_Chole_mRNA,2,DOPG_Chole_mRNA,66%DOPC33%DOPG-Chole-mRNA,1,1,013-merger[20260910-222941-20250235].tif,images/2H/05_66DOPC33DOPG_Chole_mRNA__013-merger[20260910-222941-20250235].tif,357,100,632,780,630.8,4618,969005.7818181817,969
2H_DOPG_Chole_mRNA,2,DOPG_Chole_mRNA,66%DOPC33%DOPG-Chole-mRNA,2,2,013-merger[20260910-222941-20250235].tif,images/2H/05_66DOPC33DOPG_Chole_mRNA__013-merger[20260910-222941-20250235].tif,632,100,850,780,630.8,4618,2583521.7834343435,1577
2H_DOPG_Chole_mRNA,2,DOPG_Chole_mRNA,66%DOPC33%DOPG-Chole-mRNA,3,3,013-merger[20260910-222941-20250235].tif,images/2H/05_66DOPC33DOPG_Chole_mRNA__013-merger[20260910-222941-20250235].tif,850,100,1104,780,630.8,4618,708506.3046464645,936
4H_mRNA,4,mRNA,mRNA,1,3,020-merger[20260910-235635-20250235].tif,images/4H/01_mRNA__020-merger[20260910-235635-20250235].tif,640,100,856,780,630.8,864.2,483061.60848484846,643
4H_mRNA,4,mRNA,mRNA,2,4,020-merger[20260910-235635-20250235].tif,images/4H/01_mRNA__020-merger[20260910-235635-20250235].tif,856,100,1085,780,630.8,864.2,31123.616969696966,45
4H_mRNA,4,mRNA,mRNA,3,5,020-merger[20260910-235635-20250235].tif,images/4H/01_mRNA__020-merger[20260910-235635-20250235].tif,1085,100,1356,780,630.8,864.2,287875.75272727275,403
4H_DOPC_mRNA,4,DOPC_mRNA,DOPC-mRNA,1,1,021-merger[20260911-001145-20250235].tif,images/4H/02_DOPC_mRNA__021-merger[20260911-001145-20250235].tif,371,100,635,780,630.8,2561,1681577.7345454544,1791
4H_DOPC_mRNA,4,DOPC_mRNA,DOPC-mRNA,2,2,021-merger[20260911-001145-20250235].tif,images/4H/02_DOPC_mRNA__021-merger[20260911-001145-20250235].tif,635,100,850,780,630.8,2561,633738.9503030302,690
4H_DOPC_mRNA,4,DOPC_mRNA,DOPC-mRNA,3,3,021-merger[20260911-001145-20250235].tif,images/4H/02_DOPC_mRNA__021-merger[20260911-001145-20250235].tif,850,100,1080,780,630.8,2561,1825059.9490909092,1579
4H_DOPC_Chole_mRNA,4,DOPC_Chole_mRNA,DOPC-Chole-mRNA,1,1,024-merger[20260911-004213-20250235].tif,images/4H/03_DOPC_Chole_mRNA__024-merger[20260911-004213-20250235].tif,370,100,634,780,540.7,3612,2495994.3507070704,1775
4H_DOPC_Chole_mRNA,4,DOPC_Chole_mRNA,DOPC-Chole-mRNA,2,2,024-merger[20260911-004213-20250235].tif,images/4H/03_DOPC_Chole_mRNA__024-merger[20260911-004213-20250235].tif,634,100,854,780,540.7,3612,2628405.9145454546,2812
4H_DOPC_Chole_mRNA,4,DOPC_Chole_mRNA,DOPC-Chole-mRNA,3,3,024-merger[20260911-004213-20250235].tif,images/4H/03_DOPC_Chole_mRNA__024-merger[20260911-004213-20250235].tif,854,100,1076,780,540.7,3612,2658514.0014141416,2580
4H_DOPG_mRNA,4,DOPG_mRNA,66%DOPC33%DOPG-mRNA,1,1,001-merger[20260911-005646-20250235].tif,images/4H/04_66DOPC33DOPG_mRNA__001-merger[20260911-005646-20250235].tif,366,100,634,780,720.9,13140,7119347.9399999995,2306
4H_DOPG_mRNA,4,DOPG_mRNA,66%DOPC33%DOPG-mRNA,2,2,001-merger[20260911-005646-20250235].tif,images/4H/04_66DOPC33DOPG_mRNA__001-merger[20260911-005646-20250235].tif,634,100,866,780,720.9,13140,4544184.465454545,3176
4H_DOPG_mRNA,4,DOPG_mRNA,66%DOPC33%DOPG-mRNA,3,3,001-merger[20260911-005646-20250235].tif,images/4H/04_66DOPC33DOPG_mRNA__001-merger[20260911-005646-20250235].tif,866,100,1138,780,720.9,13140,4933039.756363636,1866
4H_DOPG_Chole_mRNA,4,DOPG_Chole_mRNA,66%DOPC33%DOPG-Chole-mRNA,1,1,001-merger[20260911-012451-20250235].tif,images/4H/05_66DOPC33DOPG_Chole_mRNA__001-merger[20260911-012451-20250235].tif,364,100,633,780,1660,21650,11902892.282828286,1847
4H_DOPG_Chole_mRNA,4,DOPG_Chole_mRNA,66%DOPC33%DOPG-Chole-mRNA,2,2,001-merger[20260911-012451-20250235].tif,images/4H/05_66DOPC33DOPG_Chole_mRNA__001-merger[20260911-012451-20250235].tif,633,100,856,780,1660,21650,11525272.000000002,1707
4H_DOPG_Chole_mRNA,4,DOPG_Chole_mRNA,66%DOPC33%DOPG-Chole-mRNA,3,3,001-merger[20260911-012451-20250235].tif,images/4H/05_66DOPC33DOPG_Chole_mRNA__001-merger[20260911-012451-20250235].tif,856,100,1120,780,1660,21650,11160292.020202022,2126
8H_mRNA,8,mRNA,mRNA,1,3,035-merger[20260911-023255-20250235].tif,images/8H/01_mRNA__035-merger[20260911-023255-20250235].tif,642,100,872,780,5635,21830,6046487.272727273,748
8H_mRNA,8,mRNA,mRNA,2,4,035-merger[20260911-023255-20250235].tif,images/8H/01_mRNA__035-merger[20260911-023255-20250235].tif,872,100,1092,780,5635,21830,7074425.95959596,752
8H_mRNA,8,mRNA,mRNA,3,5,035-merger[20260911-023255-20250235].tif,images/8H/01_mRNA__035-merger[20260911-023255-20250235].tif,1092,100,1358,780,5635,21830,4137944.0,386
8H_DOPC_mRNA,8,DOPC_mRNA,DOPC-mRNA,1,1,040-merger[20260911-030047-20250235] (2).tif,images/8H/02_DOPC_mRNA__040-merger[20260911-030047-20250235] (2).tif,360,100,636,780,3154,17180,8186732.274747474,1204
8H_DOPC_mRNA,8,DOPC_mRNA,DOPC-mRNA,2,2,040-merger[20260911-030047-20250235] (2).tif,images/8H/02_DOPC_mRNA__040-merger[20260911-030047-20250235] (2).tif,636,100,862,780,3154,17180,4451878.488888888,723
8H_DOPC_mRNA,8,DOPC_mRNA,DOPC-mRNA,3,3,040-merger[20260911-030047-20250235] (2).tif,images/8H/02_DOPC_mRNA__040-merger[20260911-030047-20250235] (2).tif,862,100,1122,780,3154,17180,8131239.68080808,1109
8H_DOPC_Chole_mRNA,8,DOPC_Chole_mRNA,DOPC-Chole-mRNA,1,1,043-merger[20260911-031940-20250235].tif,images/8H/03_DOPC_Chole_mRNA__043-merger[20260911-031940-20250235].tif,353,100,619,780,1550,12050,7746968.1818181835,2061
8H_DOPC_Chole_mRNA,8,DOPC_Chole_mRNA,DOPC-Chole-mRNA,2,2,043-merger[20260911-031940-20250235].tif,images/8H/03_DOPC_Chole_mRNA__043-merger[20260911-031940-20250235].tif,619,100,852,780,1550,12050,8365769.696969697,1782
8H_DOPC_Chole_mRNA,8,DOPC_Chole_mRNA,DOPC-Chole-mRNA,3,3,043-merger[20260911-031940-20250235].tif,images/8H/03_DOPC_Chole_mRNA__043-merger[20260911-031940-20250235].tif,852,100,1086,780,1550,12050,9408319.6969697,2087
8H_DOPG_mRNA,8,DOPG_mRNA,66%DOPC33%DOPG-mRNA,1,1,045-merger[20260911-033836-20250235].tif,images/8H/04_66DOPC33DOPG_mRNA__045-merger[20260911-033836-20250235].tif,351,100,616,780,841.1,8158,3580563.0945454556,1661
8H_DOPG_mRNA,8,DOPG_mRNA,66%DOPC33%DOPG-mRNA,2,2,045-merger[20260911-033836-20250235].tif,images/8H/04_66DOPC33DOPG_mRNA__045-merger[20260911-033836-20250235].tif,616,100,851,780,841.1,8158,2174265.00888889,1481
8H_DOPG_mRNA,8,DOPG_mRNA,66%DOPC33%DOPG-mRNA,3,3,045-merger[20260911-033836-20250235].tif,images/8H/04_66DOPC33DOPG_mRNA__045-merger[20260911-033836-20250235].tif,851,100,1131,780,841.1,8158,4010871.5436363644,1579
8H_DOPG_Chole_mRNA,8,DOPG_Chole_mRNA,66%DOPC33%DOPG-Chole-mRNA,1,1,050-merger[20260911-042249-20250235].tif,images/8H/05_66DOPC33DOPG_Chole_mRNA__050-merger[20260911-042249-20250235].tif,166,100,428,780,504.6,17120,4647775.679595947,4682
8H_DOPG_Chole_mRNA,8,DOPG_Chole_mRNA,66%DOPC33%DOPG-Chole-mRNA,2,2,050-merger[20260911-042249-20250235].tif,images/8H/05_66DOPC33DOPG_Chole_mRNA__050-merger[20260911-042249-20250235].tif,428,100,638,780,504.6,17120,3390143.7357575707,1824
8H_DOPG_Chole_mRNA,8,DOPG_Chole_mRNA,66%DOPC33%DOPG-Chole-mRNA,3,3,050-merger[20260911-042249-20250235].tif,images/8H/05_66DOPC33DOPG_Chole_mRNA__050-merger[20260911-042249-20250235].tif,638,100,853,780,504.6,17120,13037181.910303017,5326
