panel_id,time_h,group,label,n_rois,mean_image_derived_integrated_signal_au,sd_image_derived_integrated_signal_au
2H_mRNA,2,mRNA,mRNA,3,0.0,0.0
2H_DOPC_mRNA,2,DOPC_mRNA,DOPC-mRNA,3,0.0,0.0
2H_DOPC_Chole_mRNA,2,DOPC_Chole_mRNA,DOPC-Chole-mRNA,3,399496.89993265993,188339.6225630195
2H_DOPG_mRNA,2,DOPG_mRNA,66%DOPC33%DOPG-mRNA,3,140518.45515151517,121700.95159222122
2H_DOPG_Chole_mRNA,2,DOPG_Chole_mRNA,66%DOPC33%DOPG-Chole-mRNA,3,1420344.6232996632,1015726.7466183605
4H_mRNA,4,mRNA,mRNA,3,267353.65939393936,226666.8354210069
4H_DOPC_mRNA,4,DOPC_mRNA,DOPC-mRNA,3,1380125.5446464645,650358.7453355339
4H_DOPC_Chole_mRNA,4,DOPC_Chole_mRNA,DOPC-Chole-mRNA,3,2594304.7555555557,86459.9676140807
4H_DOPG_mRNA,4,DOPG_mRNA,66%DOPC33%DOPG-mRNA,3,5532190.72060606,1388201.4041999541
4H_DOPG_Chole_mRNA,4,DOPG_Chole_mRNA,66%DOPC33%DOPG-Chole-mRNA,3,11529485.434343437,371318.06081158237
8H_mRNA,8,mRNA,mRNA,3,5752952.410774411,1490085.1019805535
8H_DOPC_mRNA,8,DOPC_mRNA,DOPC-mRNA,3,6923283.48148148,2140479.34702819
8H_DOPC_Chole_mRNA,8,DOPC_Chole_mRNA,DOPC-Chole-mRNA,3,8507019.191919193,839634.3127169559
8H_DOPG_mRNA,8,DOPG_mRNA,66%DOPC33%DOPG-mRNA,3,3255233.2156902365,960552.2049458035
8H_DOPG_Chole_mRNA,8,DOPG_Chole_mRNA,66%DOPC33%DOPG-Chole-mRNA,3,7025033.775218844,5244506.9763694415
